0	12asA00|chain:A	4	16pkA02|chain:A	250	19	0
1	152lA00|chain:A	6	17gsA01|chain:A	129	19	0
2	153lA00|chain:A	3	155cA00|chain:A	141	20	0
3	155cA00|chain:A	6	17gsA01|chain:A	106	19	0
4	16pkA02|chain:A	9	19hcA02|chain:A	158	20	0
5	16vpA00|chain:A	21	1a44A00|chain:A	238	19	0
6	17gsA01|chain:A	18	1a10I00|chain:I	75	16	0
7	1914A00|chain:A	17	1a0rP01|chain:P	131	19	0
8	19hcA01|chain:A	12	1a04A01|chain:A	123	19	0
9	19hcA02|chain:A	12	1a04A01|chain:A	108	19	0
10	1a00B00|chain:B	6	17gsA01|chain:A	113	19	0
11	1a02F00|chain:F	18	1a10I00|chain:I	53	8	0
12	1a04A01|chain:A	15	1a0hA01|chain:A	96	18	0
13	1a0cA00|chain:A	19	1a2zA00|chain:A	337	17	0
14	1a0gA02|chain:A	6	17gsA01|chain:A	124	19	0
15	1a0hA01|chain:A	18	1a10I00|chain:I	68	13	0
16	1a0iA03|chain:A	15	1a0hA01|chain:A	117	19	0
17	1a0rP01|chain:P	18	1a10I00|chain:I	98	19	0
18	1a10I00|chain:I	11	1a02F00|chain:F	53	8	0
19	1a2zA00|chain:A	20	1a3cA00|chain:A	163	19	0
20	1a3cA00|chain:A	12	1a04A01|chain:A	126	19	0
21	1a44A00|chain:A	17	1a0rP01|chain:P	142	20	0
