12asA00|chain:A	1a66A00|chain:A	0	74	327	178	243	kmer_topm+lev
152lA00|chain:A	1a2pA00|chain:A	1	41	164	108	124	kmer_topm+lev
153lA00|chain:A	155cA00|chain:A	2	3	185	134	141	kmer_topm+lev
155cA00|chain:A	3pieA02|chain:A	3	120	134	100	94	kmer_topm+lev
16pkA02|chain:A	1a1vA01|chain:A	4	35	208	135	155	kmer_topm+lev
16vpA00|chain:A	1a44A00|chain:A	5	58	311	185	238	kmer_topm+lev
17gsA01|chain:A	1ailA00|chain:A	6	113	99	70	72	kmer_topm+lev
1914A00|chain:A	1a1wA00|chain:A	7	38	171	83	125	kmer_topm+lev
19hcA01|chain:A	1a0pA01|chain:A	8	22	155	91	117	kmer_topm+lev
19hcA02|chain:A	1a7tA00|chain:A	9	89	137	227	175	kmer_topm+lev
19hcA02|chain:A	1af8A00|chain:A	9	109	137	86	103	kmer_topm+lev
1a00B00|chain:B	1adeA02|chain:A	10	106	146	100	108	kmer_topm+lev
1a02F00|chain:F	1a02J00|chain:J	11	12	53	52	36	kmer_topm+lev
1a02F00|chain:F	1a0hA02|chain:A	11	18	53	70	54	kmer_topm+lev
1a02F00|chain:F	1a0pA01|chain:A	11	22	53	91	67	kmer_topm+lev
1a02F00|chain:F	1a68A00|chain:A	11	75	53	87	68	kmer_topm+lev
1a02J00|chain:J	1a04A02|chain:A	12	14	52	80	61	kmer_topm+lev
1a04A01|chain:A	1a3wA01|chain:A	13	51	124	155	119	kmer_topm+lev
1a04A01|chain:A	1a5zA02|chain:A	13	70	124	166	127	kmer_topm+lev
1a04A01|chain:A	1ab5A00|chain:A	13	103	124	125	94	kmer_topm+lev
1a04A01|chain:A	1af8A00|chain:A	13	109	124	86	88	kmer_topm+lev
1a0cA00|chain:A	1a3wA02|chain:A	15	52	437	235	336	kmer_topm+lev
1a0gA02|chain:A	1a2pA00|chain:A	16	41	159	108	118	kmer_topm+lev
1a0hA01|chain:A	1a0hA02|chain:A	17	18	89	70	68	kmer_topm+lev
1a0hA02|chain:A	1a0iA02|chain:A	18	20	70	101	77	kmer_topm+lev
1a0iA01|chain:A	1a9xA07|chain:A	19	100	83	55	64	kmer_topm+lev
1a0iA03|chain:A	1a6aB02|chain:B	21	76	148	98	108	kmer_topm+lev
1a0pA01|chain:A	1a1vA03|chain:A	22	37	91	161	122	kmer_topm+lev
1a0rB00|chain:B	1atzB00|chain:B	23	118	339	189	260	kmer_topm+lev
1a0rP01|chain:P	1ailA00|chain:A	24	113	129	70	96	kmer_topm+lev
1a0rP02|chain:P	1a1iA01|chain:A	25	32	53	30	42	kmer_topm+lev
1a0rP02|chain:P	1a7wA00|chain:A	25	90	53	68	50	kmer_topm+lev
1a0rP02|chain:P	1a87A01|chain:A	25	91	53	97	74	kmer_topm+lev
1a0sP00|chain:P	1a7tA00|chain:A	26	89	413	227	317	kmer_topm+lev
1a10I00|chain:I	1a5jA01|chain:A	27	65	63	56	49	kmer_topm+lev
1a15A00|chain:A	1a2fA02|chain:A	28	39	67	121	93	kmer_topm+lev
1a15A00|chain:A	1a62A01|chain:A	28	71	67	46	52	kmer_topm+lev
1a17A00|chain:A	1adeA02|chain:A	29	106	159	100	118	kmer_topm+lev
1a19A00|chain:A	1a4aA00|chain:A	30	60	89	129	98	kmer_topm+lev
1a19A00|chain:A	1a8mA00|chain:A	30	93	89	152	115	kmer_topm+lev
1a19A00|chain:A	1a92A00|chain:A	30	94	89	50	68	kmer_topm+lev
1a1aB00|chain:B	1a2tA00|chain:A	31	42	102	135	102	kmer_topm+lev
1a1aB00|chain:B	1a9vA00|chain:A	31	97	102	129	100	kmer_topm+lev
1a1aB00|chain:B	1aroP02|chain:P	31	117	102	47	78	kmer_topm+lev
1a1iA01|chain:A	1a5tA02|chain:A	32	67	30	40	31	kmer_topm+lev
1a1iA01|chain:A	1agrH01|chain:H	32	112	30	36	32	kmer_topm+lev
1a1rA02|chain:A	1a9xA03|chain:A	33	98	85	70	66	kmer_topm+lev
1a1tA00|chain:A	1afpA00|chain:A	34	110	55	51	44	kmer_topm+lev
1a1vA01|chain:A	1acxA00|chain:A	35	105	135	108	97	kmer_topm+lev
1a1vA02|chain:A	1a41A02|chain:A	36	57	135	94	102	kmer_topm+lev
1a1wA00|chain:A	1a2pA00|chain:A	38	41	83	108	83	kmer_topm+lev
1a1wA00|chain:A	1a5jA01|chain:A	38	65	83	56	64	kmer_topm+lev
1a2oA01|chain:A	1ab5A00|chain:A	40	103	133	125	96	kmer_topm+lev
1a2pA00|chain:A	1a40A02|chain:A	41	55	108	166	124	kmer_topm+lev
1a2vA03|chain:A	1a3wA02|chain:A	43	52	439	235	333	kmer_topm+lev
1a2zA00|chain:A	1a9xB01|chain:B	44	101	220	150	162	kmer_topm+lev
1a31A03|chain:A	1a41A01|chain:A	45	56	150	127	111	kmer_topm+lev
1a31A04|chain:A	1a62A01|chain:A	46	71	80	46	61	kmer_topm+lev
1a3aC00|chain:C	1ag4A00|chain:A	47	111	146	103	108	kmer_topm+lev
1a3cA00|chain:A	1a3wB03|chain:B	48	53	166	97	123	kmer_topm+lev
1a3gA01|chain:A	1a62A02|chain:A	49	72	135	70	103	kmer_topm+lev
1a3qA02|chain:A	1a62A02|chain:A	50	72	98	70	75	kmer_topm+lev
1a3wA02|chain:A	1a99A02|chain:A	52	96	235	174	175	kmer_topm+lev
1a3wB03|chain:B	1a9xA07|chain:A	53	100	97	55	75	kmer_topm+lev
1a3zA00|chain:A	1a4aA00|chain:A	54	60	150	129	111	kmer_topm+lev
1a41A01|chain:A	1a41A02|chain:A	56	57	127	94	95	kmer_topm+lev
1a41A02|chain:A	1a9xA07|chain:A	57	100	94	55	72	kmer_topm+lev
1a44A00|chain:A	1a7sA01|chain:A	58	88	185	112	138	kmer_topm+lev
1a48A01|chain:A	1a7wA00|chain:A	59	90	111	68	79	kmer_topm+lev
1a4aA00|chain:A	1a87A02|chain:A	60	92	129	200	151	kmer_topm+lev
1a52A00|chain:A	1a9xB01|chain:B	61	101	239	150	181	kmer_topm+lev
1a57A00|chain:A	1a5jA01|chain:A	62	65	116	56	87	kmer_topm+lev
1a59A02|chain:A	1ailA00|chain:A	63	113	108	70	81	kmer_topm+lev
1a5aA00|chain:A	1a9xA04|chain:A	64	99	255	150	193	kmer_topm+lev
1a5jA01|chain:A	1a92A00|chain:A	65	94	56	50	44	kmer_topm+lev
1a5tA01|chain:A	1a5tA03|chain:A	66	68	167	116	126	kmer_topm+lev
1a5tA02|chain:A	1a6sA00|chain:A	67	81	40	87	66	kmer_topm+lev
1a5tA02|chain:A	1acxA00|chain:A	67	105	40	108	84	kmer_topm+lev
1a5tA02|chain:A	1ameA00|chain:A	67	115	40	66	51	kmer_topm+lev
1a5tA02|chain:A	1aroP02|chain:P	67	117	40	47	38	kmer_topm+lev
1a5tA03|chain:A	1a66A00|chain:A	68	74	116	178	136	kmer_topm+lev
1a5tA03|chain:A	1af8A00|chain:A	68	109	116	86	86	kmer_topm+lev
1a5yA00|chain:A	1a87A02|chain:A	69	92	284	200	217	kmer_topm+lev
1a5zA02|chain:A	1aa1B02|chain:B	70	102	166	308	236	kmer_topm+lev
1a62A01|chain:A	1a6fA00|chain:A	71	80	46	113	85	kmer_topm+lev
1a62A01|chain:A	1agrH01|chain:H	71	112	46	36	36	kmer_topm+lev
1a62A02|chain:A	1agrH01|chain:H	72	112	70	36	54	kmer_topm+lev
1a65A01|chain:A	1ae2A00|chain:A	73	107	132	86	100	kmer_topm+lev
1a6aB02|chain:B	1ae2A00|chain:A	76	107	98	86	75	kmer_topm+lev
1a6cA01|chain:A	1atzB00|chain:B	77	118	348	189	268	kmer_topm+lev
1a6cA02|chain:A	1acxA00|chain:A	78	105	165	108	124	kmer_topm+lev
1a6dA03|chain:A	1a75A00|chain:A	79	84	153	106	114	kmer_topm+lev
1a70A00|chain:A	1aipE03|chain:E	82	114	97	56	71	kmer_topm+lev
1a73A00|chain:A	1a7sA01|chain:A	83	88	162	112	122	kmer_topm+lev
1a75A00|chain:A	1a7wA00|chain:A	84	90	106	68	80	kmer_topm+lev
1a75A00|chain:A	1a99A02|chain:A	84	96	106	174	131	kmer_topm+lev
1a79A01|chain:A	1a7wA00|chain:A	85	90	100	68	76	kmer_topm+lev
1a79A01|chain:A	1abeA01|chain:A	85	104	100	138	103	kmer_topm+lev
1a7eA00|chain:A	1a92A00|chain:A	86	94	118	50	90	kmer_topm+lev
1a7gE00|chain:E	1afpA00|chain:A	87	110	82	51	61	kmer_topm+lev
1a7sA01|chain:A	1aipE03|chain:E	88	114	112	56	83	kmer_topm+lev
1a7wA00|chain:A	1af8A00|chain:A	90	109	68	86	64	kmer_topm+lev
1a92A00|chain:A	1agrH01|chain:H	94	112	50	36	39	kmer_topm+lev
1a94A00|chain:A	1a9xA03|chain:A	95	98	99	70	72	kmer_topm+lev
1a9xA03|chain:A	1a9xA07|chain:A	98	100	70	55	53	kmer_topm+lev
1a9xA04|chain:A	1af8A00|chain:A	99	109	150	86	108	kmer_topm+lev
1a9xA07|chain:A	1agrH01|chain:H	100	112	55	36	43	kmer_topm+lev
1a9xB01|chain:B	1af8A00|chain:A	101	109	150	86	110	kmer_topm+lev
1acxA00|chain:A	1atzB00|chain:B	105	118	108	189	141	kmer_topm+lev
1adeA02|chain:A	1af8A00|chain:A	106	109	100	86	75	kmer_topm+lev
1ae2A00|chain:A	1ameA00|chain:A	107	115	86	66	65	kmer_topm+lev
1af7A01|chain:A	1aroP02|chain:P	108	117	80	47	60	kmer_topm+lev
1afpA00|chain:A	1agrH01|chain:H	110	112	51	36	41	kmer_topm+lev
1afpA00|chain:A	2xzm901|chain:9	110	119	51	72	58	kmer_topm+lev
1ag4A00|chain:A	1aipE03|chain:E	111	114	103	56	77	kmer_topm+lev
1agrH01|chain:H	1amlA00|chain:A	112	116	36	40	33	kmer_topm+lev
1ailA00|chain:A	1aipE03|chain:E	113	114	70	56	53	kmer_topm+lev
1aipE03|chain:E	1amlA00|chain:A	114	116	56	40	40	kmer_topm+lev
2xzm901|chain:9	3pieA02|chain:A	119	120	72	100	65	kmer_topm+lev
